Workbook

Sheet LEEME
A1: Control de calidad
A2: Magic Foods S.A. (empresa ficticia) · Datos 100% ficticios generados para portafolio / práctica de BI. Período: ene-2023 a dic-2024 · Fecha de corte: 31-12-2024.
A3: Desde abril-2024 los reclamos se registran con el formulario estandarizado (ver hoja FormularioReclamo): compare antes/después el % de registros completos y los días de resolución.
A5: Hoja | B5: Filas | C5: Descripción | D5: Indicadores / visualizaciones sugeridas
A6: Reclamos | B6: 245 | C6: Registro de reclamos de clientes | D6: Trazabilidad de reclamos, tiempos de resolución, antes vs después del formulario estandarizado, % registros completos
A7: FormularioReclamo | B7: 10 | C7: Formulario de ingreso con validación de datos (listas y rangos) | D7: Muestra del rediseño del proceso de captura de datos
A8: Listas | B8: 0 | C8: Listas de valores para validación + fecha de corte | D8: Soporte del formulario
A10: DICCIONARIO DE DATOS
A11: Hoja | B11: Columna | C11: Descripción | D11: Formato
A12: Reclamos | B12: ReclamoID | C12: Folio | D12: Texto / número
A13: Reclamos | B13: FechaReclamo | D13: Fecha
A14: Reclamos | B14: ClienteID | D14: Texto / número
A15: Reclamos | B15: Cliente | D15: Texto / número
A16: Reclamos | B16: Canal | D16: Texto / número
A17: Reclamos | B17: PedidoID | C17: Pedido asociado | D17: Texto / número
A18: Reclamos | B18: SKU | D18: Texto / número
A19: Reclamos | B19: Producto | D19: Texto / número
A20: Reclamos | B20: Lote | C20: Lote de producción (fecha + línea) para trazabilidad | D20: Texto / número
A21: Reclamos | B21: TipoReclamo | D21: Texto / número
A22: Reclamos | B22: Gravedad | D22: Texto / número
A23: Reclamos | B23: CanalIngreso | C23: Vía por la que ingresó | D23: Texto / número
A24: Reclamos | B24: OrigenRegistro | C24: Planilla libre (antes) vs Formulario estandarizado (desde abr-2024) | D24: Texto / número
A25: Reclamos | B25: RegistroCompleto | C25: Sí si todos los campos obligatorios fueron llenados | D25: Texto / número
A26: Reclamos | B26: CausaRaiz | D26: Texto / número
A27: Reclamos | B27: AccionCorrectiva | D27: Texto / número
A28: Reclamos | B28: AreaResponsable | D28: Texto / número
A29: Reclamos | B29: FechaAccion | C29: Implementación de acción | D29: Fecha
A30: Reclamos | B30: FechaCierre | C30: Vacío = abierto | D30: Fecha
A31: Reclamos | B31: Estado | C31: Fórmula | D31: Texto / número
A32: Reclamos | B32: DiasResolucion | C32: Días hasta cierre (o hasta fecha de corte) | D32: Entero

Sheet Reclamos
A1: ReclamoID | B1: FechaReclamo | C1: ClienteID | D1: Cliente | E1: Canal | F1: PedidoID | G1: SKU | H1: Producto | I1: Lote | J1: TipoReclamo | K1: Gravedad | L1: CanalIngreso | M1: OrigenRegistro | N1: RegistroCompleto | O1: CausaRaiz | P1: AccionCorrectiva | Q1: AreaResponsable | R1: FechaAccion | S1: FechaCierre | T1: Estado | U1: DiasResolucion
A2: RC-0001 | B2: 44938 | C2: C019 | D2: Distribuidora Los Lagos | E2: Distribuidores | F2: P001148 | G2: PT-301 | H2: Jugo de Naranja Natural 1 L | I2: L20230107-L3 | J2: Envase dañado o mal sellado | K2: Baja | L2: Teléfono | M2: Planilla libre / correo | N2: Sí | O2: Sellado deficiente | P2: Mantención preventiva de selladora | Q2: Producción | R2: 44939 | S2: 44941 | T2: =IF(S2="","En proceso","Cerrado") -> Cerrado | U2: =IF(S2="",Listas!$I$1-B2,S2-B2) -> 3
A3: RC-0002 | B3: 44939 | C3: C021 | D3: Botillería y Market San Martín | E3: Tiendas de Conveniencia | F3: P001165 | G3: PT-104 | H3: Mix Hojas Verdes 200 g | I3: L20230110-L1 | J3: Sabor u olor anómalo | K3: Baja | L3: Formulario web | M3: Planilla libre / correo | N3: Sí | O3: Desviación en formulación o proceso | P3: Revisión de receta y control de proceso | Q3: Calidad | R3: 44943 | S3: 44951 | T3: =IF(S3="","En proceso","Cerrado") -> Cerrado | U3: =IF(S3="",Listas!$I$1-B3,S3-B3) -> 12
A4: RC-0003 | B4: 44941 | C4: C045 | D4: Almacén La Vecina | E4: Tiendas de Conveniencia | F4: P001213 | G4: PT-303 | H4: Jugo Frutilla-Plátano 300 ml | I4: L20230112-L3 | J4: Vida útil reducida | K4: Media | L4: Formulario web | M4: Planilla libre / correo | N4: Sí | O4: Materia prima con madurez avanzada | P4: Ajuste de especificación de recepción de materia prima | Q4: Calidad | R4: 44942 | S4: 44952 | T4: =IF(S4="","En proceso","Cerrado") -> Cerrado | U4: =IF(S4="",Listas!$I$1-B4,S4-B4) -> 11
A5: RC-0004 | B5: 44942 | C5: C083 | D5: Centro Médico Nativo | E5: Venta Directa Empresas | F5: P001266 | G5: PT-503 | H5: Yogurt con Granola 200 g | I5: L20230114-L5 | J5: Cuerpo extraño | K5: Media | L5: Correo electrónico | M5: Planilla libre / correo | N5: Sí | O5: Falla en inspección visual | P5: Refuerzo de inspección visual y capacitación de operarios | Q5: Producción | R5: 44942 | S5: 44951 | T5: =IF(S5="","En proceso","Cerrado") -> Cerrado | U5: =IF(S5="",Listas!$I$1-B5,S5-B5) -> 9
A6: RC-0005 | B6: 44949 | C6: C082 | D6: Casino Corporativo Del Sur | E6: Venta Directa Empresas | F6: P001302 | G6: PT-505 | H6: Macedonia con Crema 200 g | I6: L20230120-L5 | J6: Envase dañado o mal sellado | K6: Alta | L6: Teléfono | M6: Planilla libre / correo | N6: Sí | O6: Sellado deficiente | P6: Mantención preventiva de selladora | Q6: Producción | R6: 44951 | S6: 44963 | T6: =IF(S6="","En proceso","Cerrado") -> Cerrado | U6: =IF(S6="",Listas!$I$1-B6,S6-B6) -> 14
A7: RC-0006 | B7: 44945 | C7: C067 | D7: Restaurant Del Parque | E7: HORECA | F7: P001315 | G7: PT-306 | H7: Jugo Zanahoria-Naranja 1 L | I7: L20230118-L3 | J7: Envase dañado o mal sellado | K7: Baja | L7: Ejecutivo comercial | M7: Planilla libre / correo | N7: Sí | O7: Sellado deficiente | P7: Mantención preventiva de selladora | Q7: Producción | R7: 44947 | S7: 44963 | T7: =IF(S7="","En proceso","Cerrado") -> Cerrado | U7: =IF(S7="",Listas!$I$1-B7,S7-B7) -> 18
A8: RC-0007 | B8: 44955 | C8: C011 | D8: Supermercado Bío Market | E8: Supermercados | F8: P001400 | G8: PT-103 | H8: Ensalada Chilena 300 g | I8: L20230126-L1 | J8: Envase dañado o mal sellado | K8: Crítica | L8: Ejecutivo comercial | M8: Planilla libre / correo | N8: Sí | O8: Sellado deficiente | P8: Mantención preventiva de selladora | Q8: Producción | R8: 44955 | S8: 44963 | T8: =IF(S8="","En proceso","Cerrado") -> Cerrado | U8: =IF(S8="",Listas!$I$1-B8,S8-B8) -> 8
A9: RC-0008 | B9: 44956 | C9: C003 | D9: Supermercado Los Aromos | E9: Supermercados | F9: P001412 | G9: PT-104 | H9: Mix Hojas Verdes 200 g | I9: L20230126-L1 | J9: Envase dañado o mal sellado | K9: Media | L9: Formulario web | M9: Planilla libre / correo | N9: No | O9: Sellado deficiente | P9: Mantención preventiva de selladora | Q9: Producción | R9: 44958 | S9: 44969 | T9: =IF(S9="","En proceso","Cerrado") -> Cerrado | U9: =IF(S9="",Listas!$I$1-B9,S9-B9) -> 13
A10: RC-0009 | B10: 44962 | C10: C011 | D10: Supermercado Bío Market | E10: Supermercados | F10: P001427 | G10: PT-306 | H10: Jugo Zanahoria-Naranja 1 L | I10: L20230201-L3 | J10: Error de etiquetado | K10: Media | L10: Correo electrónico | M10: Planilla libre / correo | N10: Sí | O10: Error en impresión de fecha o lote | P10: Verificación de etiquetas al inicio de cada turno | Q10: Producción | R10: 44965 | S10: 44976 | T10: =IF(S10="","En proceso","Cerrado") -> Cerrado | U10: =IF(S10="",Listas!$I$1-B10,S10-B10) -> 14
A11: RC-0010 | B11: 44960 | C11: C027 | D11: Minimarket Mirador | E11: Tiendas de Conveniencia | F11: P001434 | G11: PT-301 | H11: Jugo de Naranja Natural 1 L | I11: L20230128-L3 | J11: Temperatura inadecuada | K11: Alta | L11: Formulario web | M11: Planilla libre / correo | N11: No | O11: Quiebre de cadena de frío en despacho | P11: Revisión y calibración de equipos de frío en camiones | Q11: Bodega y Despacho | R11: 44962 | S11: 44969 | T11: =IF(S11="","En proceso","Cerrado") -> Cerrado | U11: =IF(S11="",Listas!$I$1-B11,S11-B11) -> 9
A12: RC-0011 | B12: 44959 | C12: C013 | D12: Supermercado El Molino | E12: Supermercados | F12: P001461 | G12: PT-103 | H12: Ensalada Chilena 300 g | I12: L20230201-L1 | J12: Error de etiquetado | K12: Media | L12: Teléfono | M12: Planilla libre / correo | N12: Sí | O12: Error en impresión de fecha o lote | P12: Verificación de etiquetas al inicio de cada turno | Q12: Producción | R12: 44960 | S12: 44974 | T12: =IF(S12="","En proceso","Cerrado") -> Cerrado | U12: =IF(S12="",Listas!$I$1-B12,S12-B12) -> 15
A13: RC-0012 | B13: 44957 | C13: C072 | D13: Café Vista Río | E13: HORECA | F13: P001471 | G13: PT-402 | H13: Sándwich Jamón Queso | I13: L20230130-L4 | J13: Temperatura inadecuada | K13: Baja | L13: Correo electrónico | M13: Planilla libre / correo | N13: Sí | O13: Quiebre de cadena de frío en despacho | P13: Revisión y calibración de equipos de frío en camiones | Q13: Bodega y Despacho | R13: 44958 | S13: 44969 | T13: =IF(S13="","En proceso","Cerrado") -> Cerrado | U13: =IF(S13="",Listas!$I$1-B13,S13-B13) -> 12
... A245: RC-0244 | B245: 45643 | C245: C009 | D245: Supermercado Mercado Austral | E245: Supermercados | F245: P009755 | G245: PT-302 | H245: Jugo de Naranja Natural 300 ml | I245: L20241214-L3 | J245: Temperatura inadecuada | K245: Alta | L245: Formulario web | M245: Formulario estandarizado | N245: Sí | O245: Quiebre de cadena de frío en despacho | P245: Revisión y calibración de equipos de frío en camiones | Q245: Bodega y Despacho | R245: 45644 | S245: 45649 | T245: =IF(S245="","En proceso","Cerrado") -> Cerrado | U245: =IF(S245="",Listas!$I$1-B245,S245-B245) -> 6
A246: RC-0245 | B246: 45655 | C246: C009 | D246: Supermercado Mercado Austral | E246: Supermercados | F246: P009935 | G246: PT-402 | H246: Sándwich Jamón Queso | I246: L20241227-L4 | J246: Envase dañado o mal sellado | K246: Alta | L246: Correo electrónico | M246: Formulario estandarizado | N246: Sí | O246: Sellado deficiente | P246: Mantención preventiva de selladora | Q246: Producción | R246: 45656 | T246: =IF(S246="","En proceso","Cerrado") -> En proceso | U246: =IF(S246="",Listas!$I$1-B246,S246-B246) -> 2

Sheet FormularioReclamo
B2: FORMULARIO ESTANDARIZADO DE INGRESO DE RECLAMOS
B3: Complete las celdas amarillas. Las listas desplegables y validaciones evitan errores de digitación.
B5: Fecha del reclamo * | D5: Fecha entre 01-01-2023 y 31-12-2025
B6: Cliente * | D6: Seleccione de la lista
B7: Producto * | D7: Seleccione de la lista
B8: Lote * | D8: Formato L-AAAAMMDD-Lx
B9: Tipo de reclamo * | D9: Seleccione de la lista
B10: Gravedad * | D10: Seleccione de la lista
B11: Canal de ingreso * | D11: Seleccione de la lista
B12: Unidades afectadas * | D12: Número entero mayor a 0
B13: Área responsable * | D13: Seleccione de la lista
B14: Descripción | D14: Texto libre
B16: Estado del formulario | C16: =IF(COUNTBLANK(C5:C13)=0,"✔ Listo para registrar","Faltan "&COUNTBLANK(C5:C13)&" campos obligatorios") -> Faltan 9 campos obligatorios

Sheet Listas
A1: TipoReclamo | B1: Gravedad | C1: CanalIngreso | D1: AreaResponsable | E1: Cliente | F1: Producto | H1: FechaCorte | I1: 45657
A2: Cuerpo extraño | B2: Baja | C2: Correo electrónico | D2: Producción | E2: Supermercado El Trigal | F2: Ensalada César 250 g
A3: Temperatura inadecuada | B3: Media | C3: Teléfono | D3: Calidad | E3: Supermercado Don Pancho | F3: Ensalada Mediterránea 250 g
A4: Error de etiquetado | B4: Alta | C4: Ejecutivo comercial | D4: Bodega y Despacho | E4: Supermercado Los Aromos | F4: Ensalada Chilena 300 g
A5: Vida útil reducida | B5: Crítica | C5: Formulario web | D5: Comercial | E5: Supermercado Santa Elena | F5: Mix Hojas Verdes 200 g
A6: Envase dañado o mal sellado | E6: Supermercado Nuevo Sur | F6: Ensalada Quinoa y Palta 250 g
A7: Faltante en pedido | E7: Supermercado Las Palmas | F7: Lechuga Hidropónica Lavada 150 g
A8: Sabor u olor anómalo | E8: Supermercado La Frontera | F8: Mix Frutas de Estación 300 g
E9: Supermercado El Roble | F9: Piña en Trozos 250 g
E10: Supermercado Mercado Austral | F10: Melón en Cubos 250 g
E11: Supermercado Los Castaños | F11: Sandía en Cubos 400 g
E12: Supermercado Bío Market | F12: Frutillas Laminadas 200 g
E13: Supermercado Punto Fresco | F13: Manzana en Rodajas 150 g
E14: Supermercado El Molino | F14: Jugo de Naranja Natural 1 L
E15: Supermercado Costanera | F15: Jugo de Naranja Natural 300 ml
E16: Distribuidora Norte Grande | F16: Jugo Frutilla-Plátano 300 ml
E17: Comercial Elqui | F17: Limonada Menta-Jengibre 500 ml
E18: Distribuidora Pacífico Central | F18: Jugo Verde Detox 300 ml
E19: Logística Frío Araucanía | F19: Jugo Zanahoria-Naranja 1 L
E20: Distribuidora Los Lagos | F20: Sándwich Ave Palta
... E31: Minimarket Los Pinos | F31: Arroz con Leche 150 g
E32: Tienda 24/7 La Vecina
E33: Tienda 24/7 Del Valle
E34: Botillería y Market Lomas
E35: Tienda 24/7 Collao
E36: Botillería y Market Colón
E37: Minimarket Don Lucho
E38: Botillería y Market El Paso
E39: Almacén San Martín
E40: Minimarket Estación
E41: Minimarket La Vecina
E42: Tienda 24/7 El Paso
E43: Tienda 24/7 Estación
... E91: Centro Médico San Andrés
