Workbook

Sheet LEEME
A1: Activos tecnológicos
A2: Magic Foods S.A. (empresa ficticia) · Datos 100% ficticios generados para portafolio / práctica de BI. Período: ene-2023 a dic-2024 · Fecha de corte: 31-12-2024.
A3: Modifique la vida útil en Parametros para recalcular el nivel de obsolescencia y el año de renovación sugerido.
A5: Hoja | B5: Filas | C5: Descripción | D5: Indicadores / visualizaciones sugeridas
A6: InventarioEquipos | B6: 90 | C6: Inventario del parque computacional | D6: Antigüedad, estado y obsolescencia; plan de renovación tecnológica por año y área
A7: Parametros | B7: 9 | C7: Fecha de corte y vida útil por tipo (celdas azules editables) | D7: Supuestos de obsolescencia
A9: DICCIONARIO DE DATOS
A10: Hoja | B10: Columna | C10: Descripción | D10: Formato
A11: InventarioEquipos | B11: ActivoID | C11: Código de activo | D11: Texto / número
A12: InventarioEquipos | B12: TipoEquipo | D12: Texto / número
A13: InventarioEquipos | B13: Marca | D13: Texto / número
A14: InventarioEquipos | B14: Modelo | D14: Texto / número
A15: InventarioEquipos | B15: NroSerie | C15: Ficticio | D15: Texto / número
A16: InventarioEquipos | B16: Area | C16: Área usuaria | D16: Texto / número
A17: InventarioEquipos | B17: UsuarioAsignado | C17: EmpleadoID o Compartido | D17: Texto / número
A18: InventarioEquipos | B18: FechaAdquisicion | D18: Fecha
A19: InventarioEquipos | B19: CostoAdquisicion | D19: Moneda CLP
A20: InventarioEquipos | B20: SistemaOperativo | D20: Texto / número
A21: InventarioEquipos | B21: RAM_GB | D21: Texto / número
A22: InventarioEquipos | B22: Almacenamiento | D22: Texto / número
A23: InventarioEquipos | B23: Estado | C23: Operativo / En reparación / De baja / En bodega | D23: Texto / número
A24: InventarioEquipos | B24: UltimaMantencion | D24: Fecha
A25: InventarioEquipos | B25: AntiguedadAnios | C25: Fórmula (a fecha de corte) | D25: Texto / número
A26: InventarioEquipos | B26: VidaUtilAnios | C26: Desde Parametros | D26: Entero
A27: InventarioEquipos | B27: PctVidaConsumida | C27: Antigüedad / Vida útil | D27: Porcentaje
A28: InventarioEquipos | B28: NivelObsolescencia | C28: Vigente / Por renovar / Obsoleto / Dado de baja | D28: Texto / número
A29: InventarioEquipos | B29: AnioRenovacion | C29: Año sugerido de reemplazo | D29: Texto / número
A30: InventarioEquipos | B30: ValorLibroEstimado | C30: Depreciación lineal | D30: Moneda CLP

Sheet Parametros
A1: FechaCorte | B1: 45657
A3: TipoEquipo | B3: VidaUtilAnios
A4: Notebook | B4: 4
A5: Computador de escritorio | B5: 5
A6: Monitor | B6: 6
A7: Impresora | B7: 5
A8: Servidor | B8: 6
A9: Switch | B9: 7
A10: Access Point | B10: 5
A11: Tablet | B11: 3
A12: Terminal lector de código | B12: 5

Sheet InventarioEquipos
A1: ActivoID | B1: TipoEquipo | C1: Marca | D1: Modelo | E1: NroSerie | F1: Area | G1: UsuarioAsignado | H1: FechaAdquisicion | I1: CostoAdquisicion | J1: SistemaOperativo | K1: RAM_GB | L1: Almacenamiento | M1: Estado | N1: UltimaMantencion | O1: AntiguedadAnios | P1: VidaUtilAnios | Q1: PctVidaConsumida | R1: NivelObsolescencia | S1: AnioRenovacion | T1: ValorLibroEstimado
A2: TI-0001 | B2: Notebook | C2: HP | D2: HP ProBook 440 | E2: SN554559707 | F2: Producción | G2: E030 | H2: 42290 | I2: 790000 | J2: Windows 7 Pro | K2: 4 | L2: HDD 500 GB | M2: Operativo | N2: 45053 | O2: =ROUND(YEARFRAC(H2,Parametros!$B$1),1) -> 9.2 | P2: =INDEX(Parametros!$B$4:$B$12,MATCH(B2,Parametros!$A$4:$A$12,0)) -> 4 | Q2: =O2/P2 -> 2.3 | R2: =IF(M2="De baja","Dado de baja",IF(Q2>=1,"Obsoleto",IF(Q2>=0.75,"Por renovar","Vigente"))) -> Obsoleto | S2: =YEAR(H2)+P2 -> 2019 | T2: =ROUND(MAX(0,I2*(1-Q2)),0) -> 0
A3: TI-0002 | B3: Notebook | C3: Dell | D3: Dell Latitude 3420 | E3: SN890948216 | F3: Calidad | G3: E042 | H3: 42122 | I3: 649000 | J3: Windows 7 Pro | K3: 4 | L3: HDD 500 GB | M3: De baja | N3: 44813 | O3: =ROUND(YEARFRAC(H3,Parametros!$B$1),1) -> 9.7 | P3: =INDEX(Parametros!$B$4:$B$12,MATCH(B3,Parametros!$A$4:$A$12,0)) -> 4 | Q3: =O3/P3 -> 2.425 | R3: =IF(M3="De baja","Dado de baja",IF(Q3>=1,"Obsoleto",IF(Q3>=0.75,"Por renovar","Vigente"))) -> Dado de baja | S3: =YEAR(H3)+P3 -> 2019 | T3: =ROUND(MAX(0,I3*(1-Q3)),0) -> 0
A4: TI-0003 | B4: Notebook | C4: Dell | D4: Dell Latitude 3420 | E4: SN627599520 | F4: Comercial | G4: E044 | H4: 45063 | I4: 800000 | J4: Windows 11 Pro | K4: 16 | L4: SSD 512 GB | M4: Operativo | N4: 45657 | O4: =ROUND(YEARFRAC(H4,Parametros!$B$1),1) -> 1.6 | P4: =INDEX(Parametros!$B$4:$B$12,MATCH(B4,Parametros!$A$4:$A$12,0)) -> 4 | Q4: =O4/P4 -> 0.4 | R4: =IF(M4="De baja","Dado de baja",IF(Q4>=1,"Obsoleto",IF(Q4>=0.75,"Por renovar","Vigente"))) -> Vigente | S4: =YEAR(H4)+P4 -> 2027 | T4: =ROUND(MAX(0,I4*(1-Q4)),0) -> 480000
A5: TI-0004 | B5: Notebook | C5: Dell | D5: Dell Latitude 3420 | E5: SN155977212 | F5: Bodega y Despacho | G5: E037 | H5: 43490 | I5: 779000 | J5: Windows 10 Pro | K5: 8 | L5: HDD 500 GB | M5: Operativo | N5: 45113 | O5: =ROUND(YEARFRAC(H5,Parametros!$B$1),1) -> 5.9 | P5: =INDEX(Parametros!$B$4:$B$12,MATCH(B5,Parametros!$A$4:$A$12,0)) -> 4 | Q5: =O5/P5 -> 1.475 | R5: =IF(M5="De baja","Dado de baja",IF(Q5>=1,"Obsoleto",IF(Q5>=0.75,"Por renovar","Vigente"))) -> Obsoleto | S5: =YEAR(H5)+P5 -> 2023 | T5: =ROUND(MAX(0,I5*(1-Q5)),0) -> 0
A6: TI-0005 | B6: Notebook | C6: Lenovo | D6: Lenovo ThinkPad E14 | E6: SN180378681 | F6: Administración y Finanzas | G6: E057 | H6: 44548 | I6: 576000 | J6: Windows 11 Pro | K6: 16 | L6: SSD 512 GB | M6: Operativo | N6: 45358 | O6: =ROUND(YEARFRAC(H6,Parametros!$B$1),1) -> 3 | P6: =INDEX(Parametros!$B$4:$B$12,MATCH(B6,Parametros!$A$4:$A$12,0)) -> 4 | Q6: =O6/P6 -> 0.75 | R6: =IF(M6="De baja","Dado de baja",IF(Q6>=1,"Obsoleto",IF(Q6>=0.75,"Por renovar","Vigente"))) -> Por renovar | S6: =YEAR(H6)+P6 -> 2025 | T6: =ROUND(MAX(0,I6*(1-Q6)),0) -> 144000
A7: TI-0006 | B7: Notebook | C7: Dell | D7: Dell Latitude 3420 | E7: SN663925711 | F7: Administración y Finanzas | G7: E058 | H7: 43234 | I7: 713000 | J7: Windows 10 Pro | K7: 8 | L7: HDD 500 GB | M7: Operativo | N7: 45219 | O7: =ROUND(YEARFRAC(H7,Parametros!$B$1),1) -> 6.6 | P7: =INDEX(Parametros!$B$4:$B$12,MATCH(B7,Parametros!$A$4:$A$12,0)) -> 4 | Q7: =O7/P7 -> 1.65 | R7: =IF(M7="De baja","Dado de baja",IF(Q7>=1,"Obsoleto",IF(Q7>=0.75,"Por renovar","Vigente"))) -> Obsoleto | S7: =YEAR(H7)+P7 -> 2022 | T7: =ROUND(MAX(0,I7*(1-Q7)),0) -> 0
A8: TI-0007 | B8: Notebook | C8: HP | D8: HP ProBook 440 | E8: SN708606679 | F8: Comercial | G8: E045 | H8: 45288 | I8: 937000 | J8: Windows 11 Pro | K8: 16 | L8: SSD 512 GB | M8: Operativo | N8: 45422 | O8: =ROUND(YEARFRAC(H8,Parametros!$B$1),1) -> 1 | P8: =INDEX(Parametros!$B$4:$B$12,MATCH(B8,Parametros!$A$4:$A$12,0)) -> 4 | Q8: =O8/P8 -> 0.25 | R8: =IF(M8="De baja","Dado de baja",IF(Q8>=1,"Obsoleto",IF(Q8>=0.75,"Por renovar","Vigente"))) -> Vigente | S8: =YEAR(H8)+P8 -> 2027 | T8: =ROUND(MAX(0,I8*(1-Q8)),0) -> 702750
A9: TI-0008 | B9: Notebook | C9: Lenovo | D9: Lenovo ThinkPad E14 | E9: SN960770641 | F9: Comercial | G9: E045 | H9: 44079 | I9: 882000 | J9: Windows 10 Pro | K9: 8 | L9: HDD 500 GB | M9: Operativo | N9: 45350 | O9: =ROUND(YEARFRAC(H9,Parametros!$B$1),1) -> 4.3 | P9: =INDEX(Parametros!$B$4:$B$12,MATCH(B9,Parametros!$A$4:$A$12,0)) -> 4 | Q9: =O9/P9 -> 1.075 | R9: =IF(M9="De baja","Dado de baja",IF(Q9>=1,"Obsoleto",IF(Q9>=0.75,"Por renovar","Vigente"))) -> Obsoleto | S9: =YEAR(H9)+P9 -> 2024 | T9: =ROUND(MAX(0,I9*(1-Q9)),0) -> 0
A10: TI-0009 | B10: Notebook | C10: Dell | D10: Dell Latitude 3420 | E10: SN919466678 | F10: Producción | G10: E030 | H10: 45175 | I10: 794000 | J10: Windows 11 Pro | K10: 16 | L10: SSD 512 GB | M10: Operativo | N10: 45641 | O10: =ROUND(YEARFRAC(H10,Parametros!$B$1),1) -> 1.3 | P10: =INDEX(Parametros!$B$4:$B$12,MATCH(B10,Parametros!$A$4:$A$12,0)) -> 4 | Q10: =O10/P10 -> 0.325 | R10: =IF(M10="De baja","Dado de baja",IF(Q10>=1,"Obsoleto",IF(Q10>=0.75,"Por renovar","Vigente"))) -> Vigente | S10: =YEAR(H10)+P10 -> 2027 | T10: =ROUND(MAX(0,I10*(1-Q10)),0) -> 535950
A11: TI-0010 | B11: Notebook | C11: HP | D11: HP ProBook 440 | E11: SN970204930 | F11: Comercial | G11: E054 | H11: 42912 | I11: 895000 | J11: Windows 10 Pro | K11: 8 | L11: SSD 256 GB | M11: Operativo | N11: 45174 | O11: =ROUND(YEARFRAC(H11,Parametros!$B$1),1) -> 7.5 | P11: =INDEX(Parametros!$B$4:$B$12,MATCH(B11,Parametros!$A$4:$A$12,0)) -> 4 | Q11: =O11/P11 -> 1.875 | R11: =IF(M11="De baja","Dado de baja",IF(Q11>=1,"Obsoleto",IF(Q11>=0.75,"Por renovar","Vigente"))) -> Obsoleto | S11: =YEAR(H11)+P11 -> 2021 | T11: =ROUND(MAX(0,I11*(1-Q11)),0) -> 0
A12: TI-0011 | B12: Notebook | C12: Lenovo | D12: Lenovo ThinkPad E14 | E12: SN282057169 | F12: Comercial | G12: E053 | H12: 43161 | I12: 871000 | J12: Windows 10 Pro | K12: 4 | L12: HDD 500 GB | M12: Operativo | N12: 45156 | O12: =ROUND(YEARFRAC(H12,Parametros!$B$1),1) -> 6.8 | P12: =INDEX(Parametros!$B$4:$B$12,MATCH(B12,Parametros!$A$4:$A$12,0)) -> 4 | Q12: =O12/P12 -> 1.7 | R12: =IF(M12="De baja","Dado de baja",IF(Q12>=1,"Obsoleto",IF(Q12>=0.75,"Por renovar","Vigente"))) -> Obsoleto | S12: =YEAR(H12)+P12 -> 2022 | T12: =ROUND(MAX(0,I12*(1-Q12)),0) -> 0
A13: TI-0012 | B13: Notebook | C13: Lenovo | D13: Lenovo IdeaPad 3 | E13: SN527759909 | F13: Comercial | G13: E054 | H13: 44579 | I13: 623000 | J13: Windows 11 Pro | K13: 8 | L13: SSD 512 GB | M13: Operativo | N13: 45382 | O13: =ROUND(YEARFRAC(H13,Parametros!$B$1),1) -> 3 | P13: =INDEX(Parametros!$B$4:$B$12,MATCH(B13,Parametros!$A$4:$A$12,0)) -> 4 | Q13: =O13/P13 -> 0.75 | R13: =IF(M13="De baja","Dado de baja",IF(Q13>=1,"Obsoleto",IF(Q13>=0.75,"Por renovar","Vigente"))) -> Por renovar | S13: =YEAR(H13)+P13 -> 2026 | T13: =ROUND(MAX(0,I13*(1-Q13)),0) -> 155750
... A51: TI-0050 | B51: Computador de escritorio | C51: Lenovo | D51: Lenovo ThinkCentre M70 | E51: SN756428737 | F51: Administración y Finanzas | G51: E060 | H51: 44620 | I51: 538000 | J51: Windows 11 Pro | K51: 8 | L51: SSD 512 GB | M51: Operativo | N51: 45521 | O51: =ROUND(YEARFRAC(H51,Parametros!$B$1),1) -> 2.8 | P51: =INDEX(Parametros!$B$4:$B$12,MATCH(B51,Parametros!$A$4:$A$12,0)) -> 5 | Q51: =O51/P51 -> 0.56 | R51: =IF(M51="De baja","Dado de baja",IF(Q51>=1,"Obsoleto",IF(Q51>=0.75,"Por renovar","Vigente"))) -> Vigente | S51: =YEAR(H51)+P51 -> 2027 | T51: =ROUND(MAX(0,I51*(1-Q51)),0) -> 236720
A52: TI-0051 | B52: Monitor | C52: Samsung | D52: Samsung 24" S24 | E52: SN220434700 | F52: Calidad | G52: Compartido | H52: 45454 | I52: 187000 | J52: N/A | L52: N/A | M52: Operativo | N52: 45657 | O52: =ROUND(YEARFRAC(H52,Parametros!$B$1),1) -> 0.6 | P52: =INDEX(Parametros!$B$4:$B$12,MATCH(B52,Parametros!$A$4:$A$12,0)) -> 6 | Q52: =O52/P52 -> 0.1 | R52: =IF(M52="De baja","Dado de baja",IF(Q52>=1,"Obsoleto",IF(Q52>=0.75,"Por renovar","Vigente"))) -> Vigente | S52: =YEAR(H52)+P52 -> 2030 | T52: =ROUND(MAX(0,I52*(1-Q52)),0) -> 168300
A53: TI-0052 | B53: Monitor | C53: Samsung | D53: Samsung 24" S24 | E53: SN804941079 | F53: Comercial | G53: Compartido | H53: 43452 | I53: 119000 | J53: N/A | L53: N/A | M53: En reparación | N53: 45195 | O53: =ROUND(YEARFRAC(H53,Parametros!$B$1),1) -> 6 | P53: =INDEX(Parametros!$B$4:$B$12,MATCH(B53,Parametros!$A$4:$A$12,0)) -> 6 | Q53: =O53/P53 -> 1 | R53: =IF(M53="De baja","Dado de baja",IF(Q53>=1,"Obsoleto",IF(Q53>=0.75,"Por renovar","Vigente"))) -> Obsoleto | S53: =YEAR(H53)+P53 -> 2024 | T53: =ROUND(MAX(0,I53*(1-Q53)),0) -> 0
A54: TI-0053 | B54: Monitor | C54: LG | D54: LG 24" 24MK | E54: SN497813612 | F54: Comercial | G54: Compartido | H54: 44694 | I54: 178000 | J54: N/A | L54: N/A | M54: Operativo | N54: 45485 | O54: =ROUND(YEARFRAC(H54,Parametros!$B$1),1) -> 2.6 | P54: =INDEX(Parametros!$B$4:$B$12,MATCH(B54,Parametros!$A$4:$A$12,0)) -> 6 | Q54: =O54/P54 -> 0.43333333 | R54: =IF(M54="De baja","Dado de baja",IF(Q54>=1,"Obsoleto",IF(Q54>=0.75,"Por renovar","Vigente"))) -> Vigente | S54: =YEAR(H54)+P54 -> 2028 | T54: =ROUND(MAX(0,I54*(1-Q54)),0) -> 100867
A55: TI-0054 | B55: Monitor | C55: Dell | D55: Dell 24" P2419 | E55: SN612967519 | F55: Comercial | G55: Compartido | H55: 44499 | I55: 112000 | J55: N/A | L55: N/A | M55: Operativo | N55: 45560 | O55: =ROUND(YEARFRAC(H55,Parametros!$B$1),1) -> 3.2 | P55: =INDEX(Parametros!$B$4:$B$12,MATCH(B55,Parametros!$A$4:$A$12,0)) -> 6 | Q55: =O55/P55 -> 0.53333333 | R55: =IF(M55="De baja","Dado de baja",IF(Q55>=1,"Obsoleto",IF(Q55>=0.75,"Por renovar","Vigente"))) -> Vigente | S55: =YEAR(H55)+P55 -> 2027 | T55: =ROUND(MAX(0,I55*(1-Q55)),0) -> 52267
A56: TI-0055 | B56: Monitor | C56: Dell | D56: Dell 24" P2419 | E56: SN407065146 | F56: Personas | G56: Compartido | H56: 44587 | I56: 112000 | J56: N/A | L56: N/A | M56: Operativo | N56: 45644 | O56: =ROUND(YEARFRAC(H56,Parametros!$B$1),1) -> 2.9 | P56: =INDEX(Parametros!$B$4:$B$12,MATCH(B56,Parametros!$A$4:$A$12,0)) -> 6 | Q56: =O56/P56 -> 0.48333333 | R56: =IF(M56="De baja","Dado de baja",IF(Q56>=1,"Obsoleto",IF(Q56>=0.75,"Por renovar","Vigente"))) -> Vigente | S56: =YEAR(H56)+P56 -> 2028 | T56: =ROUND(MAX(0,I56*(1-Q56)),0) -> 57867
A57: TI-0056 | B57: Monitor | C57: LG | D57: LG 24" 24MK | E57: SN956506482 | F57: Bodega y Despacho | G57: Compartido | H57: 44900 | I57: 157000 | J57: N/A | L57: N/A | M57: Operativo | N57: 45618 | O57: =ROUND(YEARFRAC(H57,Parametros!$B$1),1) -> 2.1 | P57: =INDEX(Parametros!$B$4:$B$12,MATCH(B57,Parametros!$A$4:$A$12,0)) -> 6 | Q57: =O57/P57 -> 0.35 | R57: =IF(M57="De baja","Dado de baja",IF(Q57>=1,"Obsoleto",IF(Q57>=0.75,"Por renovar","Vigente"))) -> Vigente | S57: =YEAR(H57)+P57 -> 2028 | T57: =ROUND(MAX(0,I57*(1-Q57)),0) -> 102050
A58: TI-0057 | B58: Monitor | C58: LG | D58: LG 24" 24MK | E58: SN463673752 | F58: Comercial | G58: Compartido | H58: 42400 | I58: 186000 | J58: N/A | L58: N/A | M58: De baja | N58: 45151 | O58: =ROUND(YEARFRAC(H58,Parametros!$B$1),1) -> 8.9 | P58: =INDEX(Parametros!$B$4:$B$12,MATCH(B58,Parametros!$A$4:$A$12,0)) -> 6 | Q58: =O58/P58 -> 1.4833333 | R58: =IF(M58="De baja","Dado de baja",IF(Q58>=1,"Obsoleto",IF(Q58>=0.75,"Por renovar","Vigente"))) -> Dado de baja | S58: =YEAR(H58)+P58 -> 2022 | T58: =ROUND(MAX(0,I58*(1-Q58)),0) -> 0
A59: TI-0058 | B59: Monitor | C59: LG | D59: LG 24" 24MK | E59: SN472919824 | F59: Comercial | G59: Compartido | H59: 44311 | I59: 128000 | J59: N/A | L59: N/A | M59: Operativo | N59: 45192 | O59: =ROUND(YEARFRAC(H59,Parametros!$B$1),1) -> 3.7 | P59: =INDEX(Parametros!$B$4:$B$12,MATCH(B59,Parametros!$A$4:$A$12,0)) -> 6 | Q59: =O59/P59 -> 0.61666667 | R59: =IF(M59="De baja","Dado de baja",IF(Q59>=1,"Obsoleto",IF(Q59>=0.75,"Por renovar","Vigente"))) -> Vigente | S59: =YEAR(H59)+P59 -> 2027 | T59: =ROUND(MAX(0,I59*(1-Q59)),0) -> 49067
A60: TI-0059 | B60: Monitor | C60: Dell | D60: Dell 24" P2419 | E60: SN946178464 | F60: Calidad | G60: Compartido | H60: 44923 | I60: 163000 | J60: N/A | L60: N/A | M60: Operativo | N60: 45395 | O60: =ROUND(YEARFRAC(H60,Parametros!$B$1),1) -> 2 | P60: =INDEX(Parametros!$B$4:$B$12,MATCH(B60,Parametros!$A$4:$A$12,0)) -> 6 | Q60: =O60/P60 -> 0.33333333 | R60: =IF(M60="De baja","Dado de baja",IF(Q60>=1,"Obsoleto",IF(Q60>=0.75,"Por renovar","Vigente"))) -> Vigente | S60: =YEAR(H60)+P60 -> 2028 | T60: =ROUND(MAX(0,I60*(1-Q60)),0) -> 108667
A61: TI-0060 | B61: Monitor | C61: Samsung | D61: Samsung 24" S24 | E61: SN722641779 | F61: Administración y Finanzas | G61: Compartido | H61: 42826 | I61: 122000 | J61: N/A | L61: N/A | M61: En reparación | N61: 45131 | O61: =ROUND(YEARFRAC(H61,Parametros!$B$1),1) -> 7.8 | P61: =INDEX(Parametros!$B$4:$B$12,MATCH(B61,Parametros!$A$4:$A$12,0)) -> 6 | Q61: =O61/P61 -> 1.3 | R61: =IF(M61="De baja","Dado de baja",IF(Q61>=1,"Obsoleto",IF(Q61>=0.75,"Por renovar","Vigente"))) -> Obsoleto | S61: =YEAR(H61)+P61 -> 2023 | T61: =ROUND(MAX(0,I61*(1-Q61)),0) -> 0
A62: TI-0061 | B62: Impresora | C62: Brother | D62: Brother HL-L5100 | E62: SN493012359 | F62: Comercial | G62: Compartido | H62: 44262 | I62: 814000 | J62: N/A | L62: N/A | M62: Operativo | N62: 45493 | O62: =ROUND(YEARFRAC(H62,Parametros!$B$1),1) -> 3.8 | P62: =INDEX(Parametros!$B$4:$B$12,MATCH(B62,Parametros!$A$4:$A$12,0)) -> 5 | Q62: =O62/P62 -> 0.76 | R62: =IF(M62="De baja","Dado de baja",IF(Q62>=1,"Obsoleto",IF(Q62>=0.75,"Por renovar","Vigente"))) -> Por renovar | S62: =YEAR(H62)+P62 -> 2026 | T62: =ROUND(MAX(0,I62*(1-Q62)),0) -> 195360
A63: TI-0062 | B63: Impresora | C63: Brother | D63: Brother HL-L5100 | E63: SN213816322 | F63: Personas | G63: Compartido | H63: 44723 | I63: 439000 | J63: N/A | L63: N/A | M63: De baja | N63: 45528 | O63: =ROUND(YEARFRAC(H63,Parametros!$B$1),1) -> 2.6 | P63: =INDEX(Parametros!$B$4:$B$12,MATCH(B63,Parametros!$A$4:$A$12,0)) -> 5 | Q63: =O63/P63 -> 0.52 | R63: =IF(M63="De baja","Dado de baja",IF(Q63>=1,"Obsoleto",IF(Q63>=0.75,"Por renovar","Vigente"))) -> Dado de baja | S63: =YEAR(H63)+P63 -> 2027 | T63: =ROUND(MAX(0,I63*(1-Q63)),0) -> 210720
... A91: TI-0090 | B91: Terminal lector de código | C91: Zebra | D91: Zebra TC21 | E91: SN838010357 | F91: Bodega y Despacho | G91: Compartido | H91: 44483 | I91: 1021000 | J91: Android | L91: N/A | M91: Operativo | N91: 45578 | O91: =ROUND(YEARFRAC(H91,Parametros!$B$1),1) -> 3.2 | P91: =INDEX(Parametros!$B$4:$B$12,MATCH(B91,Parametros!$A$4:$A$12,0)) -> 5 | Q91: =O91/P91 -> 0.64 | R91: =IF(M91="De baja","Dado de baja",IF(Q91>=1,"Obsoleto",IF(Q91>=0.75,"Por renovar","Vigente"))) -> Vigente | S91: =YEAR(H91)+P91 -> 2026 | T91: =ROUND(MAX(0,I91*(1-Q91)),0) -> 367560
